palabra,pista
Barbie,película
Oppenheimer,película
Spider-Man,película
Joker,película
Batman,película
Interstellar,película
Intensamente,película
Coco,película
Ratatouille,película
Up,película
Toy Story,película
La La Land,película
Shrek,película
Buscando a Nemo,película
Los Increíbles,película
Avatar,película
Titanic,película
El Rey León,película
Aladdin,película
Frozen,película
K‑Pop Demon Hunters,película
Star Wars,película
Harry Potter,película
Iron Man,película
Avengers,película
Capitán América,película
Thor,película
La Era del Hielo,película
Cars,película
Pinocho,película
Kung Fu Panda,película
Monsters, Inc.,película
Madagascar,película
Cómo entrenar a tu dragón,película
Los Juegos del Hambre,película
Crepúsculo,película
King Kong,película
Godzilla,película
Hotel Transilvania,película
Grandes Héroes (Big Hero 6),película
X‑Men,película
Deadpool,película
Rápidos y Furiosos,película
It,película
El Conjuro,película
La Máscara,película
Misión Imposible,película
Megamente,película
Rocky,película
Five Nights at Freddy's,película
Sonic,película
Lluvia de Hamburguesas,película
El Gato con Botas,película
Superman,película
Jurassic Park,película
Alien,película
Zootopia,película
Ted,película
Alicia en el País de las Maravillas,película
Forrest Gump,película
Wicked,película
Coraline,película
Guardianes de la Galaxia,película
Enredados,película
John Wick,película
Venom,película
